코스구분명,코스명,출발점,도착점,소요시간,소요분,소개
종주코스,남한강자전거길,팔당대교,충주탄금대,8,50,"서울 시내에서 양평까지 주말은 물론 주중에도 자전거 휴대 승차를 허용하는 경의중앙선 전철을 이용할 수 있어서 자전거 애호가들과 걷기를 즐기는 사람들이 가족 단위로 많이 찾는 코스다. 각자 수준에 맞게 걷거나, 자전거를 타고 가다가 언제든 전철을 이용해서 귀가할 수 있는 것이 이 코스의 최대 장점이다. 팔당호의 물이 이포보 아래까지 이어지고, 이포보가 가둔 물이 호수를 이루어서 풍광 또한 시원하고 막힘이 없다. 주변에는 해장국, 순댓국, 막국수 등 서민적이고 부담없는 가격대의 음식을 내는 식당이 많다. 민박이나 펜션, 호텔 등 숙박시설도 다양하고, 양평 부근에는 온천도 있다. 수종사, 양근성지, 마재성지, 파사성, 산수유마을 등 종교, 역사, 자연이 어우러져 볼거리가 풍부하다."
테마코스,화천역사생태공원길,하늘빛 호수마을,대붕교,1,5,"파로호에서 숨을 고른 북한강은 느릿느릿 춘천으로 흘러간다. 그리고 그 흐름과 함께하는 한강 최북단 자전거 길 화천역사생태탐방길. 대이리 생태공원, 붕어섬, 원천리 한성백제유적공원과 연꽃단지를 잇는 이 자전거 길은 하얗게 피어오르는 물안개와 함께할 때 더욱 즐겁다."
테마코스,새재자전거길,충주 탄금대 인증센터,상주 상풍교 인증센터,7,0,"자전거길이 잘 정비되어 있으나 거리가 멀고 가파른 고개가 2개나 있어서 상당히 힘이 드는 코스다. 탄금대, 수주팔봉, 수안보, 이화령, 불정역 등 볼거리가 많고 훌륭하지만, 경치를 즐기다가 자칫하면 야간 라이딩을 해야 하는 수가 생긴다. 시간과 체력 안배가 중요한 코스다. 그렇다고 너무 내달리기만 한다면 여행이 아니라 체력 단련이 되기 십상이다. 남한강, 달천, 오가천, 조령천, 영강 그리고 낙동강변을 이어서 달리는 환상의 코스다. 자전거길에서 조금만 벗어나면 다양한 메뉴를 내는 식당이 많다."
테마코스,양수리-가평구간,가평 쁘띠프랑스,남양주 종합촬영소,2,6,
테마코스,북한강 섬여행,위도,자라섬,,,
테마코스,"섬강, 남한강 넘나들기 1",간현,여주,2,42,
테마코스,섬강 자전거길,간현수련원,반계리은행나무,1,23,"송강 정철이 관동팔경에서 절경을 예찬한 섬강의 푸른강물과 흰 백사장이 펼쳐지는 자연과 하나 되는 길, 도도한 섬강의 물줄기를 다양한 문화유산을 체험할 수 있다."
종주코스,북한강 종주자전거길,밝은광장,신매대교,4,40,"서울과 춘천을 잇는 총연장 70.4km 북한강 자전거길은 청평호반, 의암호반, 운길산, 축령산 등을 지나며 아름다운 절경을 느낄 수 있는 자전거길이다. 북한강 자전거길은 수도권 시민들의 휴식처가 되어 주는 대성리, 청평유원지, 자라섬, 강촌유원지, 의암호 등을 직접 거치며 수려한 자연경관을 제공한다. 젊은이들에게는 만남과 낭만을, 노·장년층에게는 추억과 향수를. 1939년 개통되서 2010년 12월 20일 역사 속으로 사라진 경춘선 폐 기찻길을 활용하여 조성한 자전거길은 옛 기억과 추억을 떠올릴 수 있는 기회를 제공한다. 매력포인트 하나. 자전거 문화의 상징, 밝은 광장. 남한강 자전거길과 북한강 자전거길이 만나는 두물머리 지역에 수변 데크 및 쉼터, 바이크 카페, 화장실 등이 있는 '밝은 광장'을 조성하여 자전거길의 대표 랜드마크로 재활용. 둘, 추억과 낭만을 따라 달리는 자전거길. 젊은 사람들의 MT장소로 각광받는 대성리, 청평, 강촌, 춘천을 자전거로 달릴 수 있게 됨으로서 젊은이들에게는 추억과 낭만을, 장년층에게는 추억과 향수를 떠올리게 함. 셋, '물과 안개의 도시' 춘천까지 자전거로. '물과 안개의 도시'로 유명한 춘천의 의암호반, 상중도, 하중도, 붕어섬과 애니메이션 박물관, 인형극장, 막국수 체험박물관, 명동 닭갈비 골목 등 명소를 새롭게 체험할 수 있는 좋은 기회 [출처] 바이크조선"
종주코스,섬진강 종주자전거길,섬진강댐,배알도 수변공원,9,55,"어느 한 곳 버릴 데 없이 구간마다 아름다운 풍경과 이야기가 숨어 있는 자전거길이다. 봄이면 매화와 벚꽃이 흐드러지고, 여름에는 초록이 짙고, 가을에는 울긋불긋 단풍이 어우러져 어느 계절에 가도 좋다. 자동차 도로와 일부를 공유하지만 차량이 많지 않아 한가롭다. 하류로 갈수록 강폭이 넓어져 가슴도 시원하게 뚫리는 느낌이다."
종주코스,오천자전거길,행촌교차로,합강공원,7,,"몸과 마음에 여유를 담는 오천자전거길. 새재와 금강을 잇는 오천자전거길은 이화령초입에서 금까지 쌍천, 달성, 성황천, 보강천, 미호천, 다섯개(五) 하천(川)을 따라 조성되어 오천(五川) 자전거길이라 이름 붙여졌다. 조그마한 오솔길, 독방을 따라 너른 논과 밭, 하천을 감상하며 달리는 코스는 정겨운 고향에 온 듯한 여유와 편안함을 선사해 줄 것이다."
테마코스,"섬강, 남한강 넘나들기",간현,충주,2,42,
테마코스,섬강 관동팔경길,흥법사지,반계리 은행나무,1,1,"송강 정철이 관동팔경에서 절경을 예찬한 섬강의 푸른 강물과 흰 백사장이 펼쳐지는 자연과 하나 되는 길. 도도한 섬강의 물줄기를, 다양한 문화유산을 체험하는 할 수 있다."
테마코스,개발과 보존길,조류생태습지,금강습지생태공원,1,56,"바다를 메우며 발전하고 있는 군산과 원래 자연으로 돌아가는 서천의 이야기. 철새 군무와 갯벌을 관찰할 수 있는 조망대와 생태공원 및 장항항워터프론트, 국내 생태체험시설을 대표하는 생태 테마시설을 잇는 관광루트"
테마코스,섬강 자전거길,간현관광지,흥법사지,1,37,
테마코스,강촌길,경강교,강촌유원지,1,20,강촌은 낭만이 살아 숨 쉬는 청춘의 공간. 하지만 자전거 전용도로가 조성되기 전에는 차량과 사륜오토바이가 뒤섞인 위험한 공간이기도 했다. 이제 푸른 강물 따라 이어지는 편안하고 아름다운 자전거길이 제2의 강촌시대를 예고한다.
테마코스,금강 철새길,서천군조류생태전시관,금강철새조망대,3,12,"겨울하늘 석양과 함께 어우러지는 철새들의 아름다운 비상. 철새전망대 및 관찰데크, 습지생태공원에서 철새를 관찰하고, 바람에 나부끼는 신성리갈대밭에서 철새와 함께 자연을 느끼며, 곰개나루의해돋이와 해넘이를 즐길수있는 생태 탐방루트"
테마코스,19C 말 금강변길,강경포구,황산공원,1,9,일제의 수탈과 치열하게 대립했던 한민족의 의식을 담아내는 근대 포구도시 이야기. 근대 2대 포구의 하나였던 강경포구를 중심으로 지역 근대문화유산을 체험하는 역사문화 테마루트
테마코스,사비길,구드레조각공원,원왕진마을,2,19,"삼국 중 가장 화려했던 백제의 문화수도, 사비 이야기. 삼국시대 교역과 문물의 중심지였던 사비의 찬란한 문화유산과 흔적을 따라가는 역사 테마루트."
테마코스,남한강 등대 Tour,충주 창동 마애불,두물머리 느티나무,,,"남한강은 수많은 사람들의 희노애락과함께 흘러왔다. 뱃사람이나 농부에게 물은 생명의 기원이고 삶의 원동력이었기에 그들은 한시도 강의 소중함을 잊지 않았다. 남한강 역시 언제나 넓은 포용력과 희망의 불빛으로 이들을 이끌어 주었다. 남한강 물길이 닿는 곳곳에는 옛 뱃사람들에게는 친절한 안내자요, 강변사람들에게는 평온과 안식을 주던 상징들이 있었다."
테마코스,삼랑진 은빛물결길,봉하마을,천태호,2,46,"삼랑은 세 가지의 물길인데 낙동강에 밀양강이 합치고, 낙동강을 밀물과 썰물 두 물로 구분하였기 때문이다. 가야시대의 김해는 아시아 지역을 잇는 중요한 항구의 기능을 했는데 이때 삼랑나루는화물을 보관하는 전초기지였다. 우리나라 딸기의 최초 재배지인 삼랑진은 이를 기념하여 매년 4월 초 딸기 축제를 열고 있다. 지명인 밀양의 영향인지 따사로운 양지에 맛있는 과일이 지천으로 나는 곳이기도 하다."
테마코스,부용대의 절개길,안동댐,병산서원,3,31,"안동은 사찰, 서원과 같은 많은 문화재들이 비교적 잘 보존되어 있으며 ‘한국 정신문화의 수도’로 불린다. 낙동강에서 유일하게 독창적이고 다양한 음식문화가 전해지고 있는데 건진국수, 헛제사밥, 안동식혜 등이 식객들에게 사랑받고있다. 아울러 낙동강변의 하회마을과 부용대가 관광객이 많이 찾는 곳이며 특히 하회마을 초입에서 매년 9월 말에 열리는 안동국제탈춤페스티벌이 대표적인 축제이기도 하다."
종주코스,아라 종주자전거길,아라서해갑문,아라한강갑문,1,30,"국토종주 자전거길은 '위대한 항해의 시작'을 알리는 인천 아라서해갑문에서 시작된다. 서해와 한강을 연결하는 아라뱃길을 따라 조성된 21km 길이의 아라자전거길은 라이더들에게 환상의 자전거길로 불린다. 아라뱃길을 따라 흐르는 16개의 이야기 길. 운하를 가로지르는 16개의 '이야기가 있는 다리'는 아라자전거길이 자랑하는 명물이다. 꿈결처럼 달려온 자전거길은 아라한강갑문에서 한강종주자전거길(서울구간)과 운명처럼 만난다. 매력포인트 하나, 국토종주를 시작하는 정서진. 정서진은 서울 광화문을 중심으로 정서쪽에 위치한 곳으로 2011년 강릉의 정동진에 대칭되는 관광지로 개발된 곳으로 국토종주의 스타트라인이다. 국토종주에 나선 자전거 여행객과 부산 낙동강 하구둑에서 출발해 국토종주 대장정을 마친 라이더들이 결의를 다지고 환호하는 공간으로 아라자전거길 개통 기념비가 세워져 있다. 둘, 아라뱃길을 따라 듣는 16개의 이야기. 아라자전거길은 2011년 새롭게 탄생한 아라벳길을 따라 조성된 자전거길로 800여 년 전 고려 고종 때부터 명맥을 이어온 아라 뱃길의 서해갑문을 시작으로 한강갑문까지 이어지는 명품자전거 길이며, 특히 운하를 가로지르는 16개의 '이야기가 있는 다리'는 아라자전거길이 자랑하는 명물이다. [출처] 바이크조선"
종주코스,한강(서울) 종주자전거길,아라한강갑문,팔당대교,3,40,"한강종주자전거길(서울구간)은 강을 거슬러 오르지만 오르막이 없고 노폭이 넓어, 두바퀴와 더불어 떠나는 여행은 공원을 산책하듯 편하고 아늑하다. '한강의 기적'을 실감하는 상전벽해의 길. 조선시대 이래 600여 년 동안 수도 서울의 역사와 함께 흐르는 한강은 한민족의 젖줄이자 대한민국의 랜드마크! 그래서 '한강의 기적'을 창조한 그 젖줄을 따라 달리는 자전거 여행은 더욱 역동적이고 감동적이다. 매력포인트 하나, 두 바퀴로 즐기는 스카이라인. 페달을 밟을 때마다 스쳐가는 마포대교를 비롯해 24개의 교량과 고층빌딩들이 만들어내는 스카이라인, 그리고 한강을 수놓은 형형색색의 유람선과 요트의 풍경이 끊임없이 시선을 유혹한다. 둘, 도시의 풍경을 가슴에 담고. 상쾌한 강바람을 벗 삼아 가족이나 연인과 함께 맞는 한강의 해질녘 풍경과 한밤의 야경은 런던의 템즈강이나 파리의 세느강이 무색할 정도로 황홀하다. [출처] 바이크조선"
테마코스,과학문화길,엑스포 과학공원,대전시민 천문대,0,40,"천변으로 펼쳐지는 과학테마공원, 박물관, 학교 등 우리나라 첨단과학문화의 메카. 과학인들의 전당 엑스포 과학공원과 국립중앙과학관, 한국과학기술원을 비롯하여 시민천문대까지 과학에 관한 모든 것이 있는 과학 테마루트."
테마코스,추억 만들기길,팔당역,두물머리느티나무,1,42,서울 사람들에게 양수리는 축복이다. 북한강과 남한강이 만나는 두물머리풍경과 물안개 피어오르는 팔당호의 정취는 사랑과 추억만들기에 더없이 매력적인 연꽃향기 공간이다.
테마코스,행복한 소풍길,개군 레포츠공원,내양리,1,52,생태공원과 백로를 닮은 아름다운 이포보의경관이 함께 어우러져 우리를 손짓하는 길이다. 숲과 강물사이로 드넓게 펼쳐진 자전거 길은이곳이 최고의 가족휴양지임을 말해준다.
테마코스,문화의 향기길,여주보,여주세계 생활도자관,1,52,은빛으로 넘실대는 풍만한 강가에서 이렇게 다양하고 많은 문화와 역사의 향기에 취할 수 있는 곳이 지구상 또 어디에 있을까. 그래서이다. 여주8경이 바로 이곳에 모여 있는 까닭이.
테마코스,생명의 노래길,강천보,아홉사리길,1,43,"단양쑥부쟁이, 층층둥글레, 큰고니, 원앙, 표범장지뱀. 이름만으로도 반갑다. 이곳을 달리면 강과 생명들이 건강한 모습으로 회복되는 현장을 직접 확인할 수 있다."
테마코스,남한강 섬여행,두물머리,용섬,,,강의 모래톱이 커지면 하중도라부른다. 강 한가운데 섬이란 뜻이다. 모래등또는 안섬으로도불린다. 남한강은 그림같이 아름다운 여러 하중도를안고 흐른다. 하중도는뭍의 천적과 사람들을 피해 쉬려는 생물들의 쉼터이자 자연과 더불어 평온한 휴식을 희망하는 우리들의 안식처이기도 하다.
테마코스,북한강 자전거길,가평 쁘띠프랑스,남양주 종합촬영소,2,6,"북한강변 강촌, 대성리 부근은 수십 년 전부터 젊은이들이 즐겨 찾던 낭만의 여행지다. 예전에 기차나 시외버스를 타고 갔던 추억의 그 길을 자전거로 달리며 그때를 떠올려본다. 강변을 따라 음식점과 카페가 즐비해 어디서고 마음에 드는 곳에서 쉬었다 갈 수 있는 점도 매력이다. 춘천 의암호에 도착하면 환상적인 호반 자전거길이 기다린다."
종주코스,새재 종주자전거길,충주 탄금대,상주 상풍교,6,40,"자전거길이 잘 정비되어 있으나 거리가 멀고 가파른 고개가 2개나 있어서 상당히 힘이 드는 코스다. 탄금대, 수주팔봉, 수안보, 이화령, 불정역 등 볼거리가 많고 훌륭하지만, 경치를 즐기다가 자칫하면 야간 라이딩을 해야 하는 수가 생긴다. 시간과 체력 안배가 중요한 코스다. 그렇다고 너무 내달리기만 한다면 여행이 아니라 체력 단련이 되기 십상이다. 남한강, 달천, 오가천, 조령천, 영강 그리고 낙동강변을 이어서 달리는 환상의 코스다. 자전거길에서 조금만 벗어나면 다양한 메뉴를 내는 식당이 많다."
테마코스,강변오솔길,수달 연구센터,화천대교,0,23,시원한 강바람을 두 바퀴로 가르며 삼림욕 마저 즐길 수 있다면 이보다 더 한 행운은 없을 것이다. 화천민속박물관부터 거례리까지자작나무와 해바라기가 반기는 강변오솔길은 몸과 마음을 정화시켜주는 자연 치유의 자전거길이다.
종주코스,영산강 종주자전거길,담양댐,영산강하굿둑,8,50,"300리 호남벌을 적시고 서해로 흘러 남도의 젖줄과 함께하는 영산강자전거길은 담양호 아래 대성교에서 강둑을 타고 목포의 영산강 하구둑으로 달려가는 내내 황홀하면서도 질박한 남도풍경에 매료되어 시처럼 그림처럼 유유자적함을 즐기게 한다. 자연과 생태가 살아 숨 쉬는 자전거 아우토반. 영산강자전거길에는 묘목 배달사고로 탄생한 담양의 메타세쿼이아 가로수길과 관방제림, 최고의 절경으로 꼽히는 황포돛배가 다니는 통선문이 설치된 죽산보구간, 지평선을 바라보며 일직선으로 달리는 무안 몽탄대교에서 소댕이 나루에 이르는 약 10km의 둑방길이 있다. 매력포인트 하나, 배달사고로 탄생한 메타세쿼이아 가로수길. 1970년대 초에 전국적으로 '가로수심기 사업'이 한창일 때, 다른 지역으로 가야 할 메타세쿼이아 묘목이 담양으로 잘못 배달되자 당시 흔한 수종이 아닌데다 값비싼 나무라 담양군에서는 되돌려 보내지 않고 얼른 심어버렸다고 한다. 둘. 물안개가 신비로운 나주영상테마파크. 다해포구에서 황포돛배를 타고 영산강 물길을 오르내리며 정자를 감상하는 재미는 나주에서나 누리는 호사. 영산강을 사이에 두고 드라마 '주몽'의 세트장인 나주영상테마파크를 마주보는 다시면의 월계정은 달밤에 영산강이 가장 아름답게 보인다는 정자로 황포돛배 물그림자와 어우러진 월계정의 정취가 시간을 거슬러 조선시대로 여행을 떠난 듯 고즈넉하다. 셋, 자연과 생태가 살아 숨 쉬는 자전거 아우토반. 나주와 무안을 연결하는 몽탄대교를 건넌 영산강자전거길은 '자전거 하이웨이'로 불리는 둑방길을 만난다. 몽탄대교에서 소댕이나루터에 이르는 약 10km의 둑방길은 일직선 구간으로 지평선이 보일 정도로 시야가 확 트인다. 가을에는 무안들녘의 황금물결과 강변 갈꽃의 은색물결, 그리고 햇살에 반짝이는 연산강이 어우러지는 꿈의 라이딩 구간이다. [출처] 바이크조선"
테마코스,상생의 노래길,대곡역,왜관지구전적기념관,3,1,"달성습지를 중심으로 철새 먹이터를조성하고 사람의 접근을 막아 흑두루미 등이 편안한 서식처로 삼도록 했다. 강정보에는 자연형어도와 수로형어도를 설치하여 끄리, 붕어, 밀어, 모래무지, 큰입우럭등이 이동을 자유롭게 할 수 있는 친환경개발을 하였으며 수달 서식환경을 고려한 서식처를 조성하기도 했다. 도시민의 친환경문화공간이 확보됨과 동시에 낙동강의 다양한 자연환경을 체험할 수 있는 생태체험교육장이기도 하다."
종주코스,동해안(경북) 자전거길,울진 은어다리,영덕 해맞이 공원,5,15,"푸른 동해바다의 내음을 느낄 수 있는 동해안 자전거길. 교통량이 적은 해안도로를 활용하여 조성된 구간으로 송림과 청정 해변, 모래벌판이 어우러져 '명사 20리'로 불리는 고래불해변과 관동팔경의 하나인 월송정을 경유한다. 그 외에도 항구와 소박한 어촌의 모습, 백사장과 절벽, 눈과 마음을 즐겁게 하는 예쁜 등대 등을 볼 수 있다."
테마코스,흑두루미 군무길,해평철새도래지,고택문화재마을,2,21,"1960년대 초반까지 해평습지가위치한 낙동강 본류에는 넓은 모래사장이 펼쳐져 있었다. 현재는 과거 강정나루가 있었던 곳에 숭선대교가 건설되어 낙동강 양안, 즉 고아읍과 해평면이 연결되어 있으며, 해평면의 들 앞쪽으로 도로가 건설되었다. 철새들은 해평습지를 겨울을 나기 위해 10월부터 시베리아와 중국의 북동부 지역 등지에서 따뜻한 일본의 이즈모지방으로 날아가는 도중에 들러 쉬어가는 중간 휴식처로 삼고 있다."
종주코스,금강 종주자전거길,대청댐,금강하굿둑,9,40,"대청댐에서 시작하여 1,500년 전 백제의 고도로 시간여행을 떠나는 금강자전거길은 과거와 현재가 공존하는 공주와 부여를 지나 금강하구둑이 만들어 놓은 금강호의 가창오리들이 만들어낸 경이로운 날갯짓을 보며 대장정의 막을 내린다. 역사와 문화! 그리고 자연이 살아 숨 쉬는 순례와 탐장의 길. 역사 속에서 문화로 되살아난 백제의 숨결을 따라, 시인의 노래와 작가의 이야기가 이어지며 살아 숨쉬는 자연의 조화로움이 이방인과의 경계를 허물어 버리듯 한폭의 그림으로 펼쳐진다. 매력포인트 하나, 무덤 속에서 되살아난 백제의 문화. 공산성 주차장에서 출발한 자전거길은 도심을 산책하듯 달려 무령왕릉이 자리한 송산리 고분군에 도착한다. 발굴 당시 전 세계 고고학계를 흥분하게 했던 무령왕릉은 왕이 살던 공산성에서 걸어서 10분 거리이다. 1971년 송산리 고분군의 6호분 배수시설 공사 중에 도굴된 흔적이 없는 처녀분에서 백제 무령왕과 왕비의 무덤이라는 지석이 발견되면서 백제의 화려한 문화가 시공을 뛰어넘어 세상에 그 화려한 모습을 드러냈다. 둘, '큰 나라가 있는 강', 백마강. 부소산 정상에서 해가 솟는 순간은 부여 여행에서 빼놓을 수 없는 황홀경이다. 껍질을 깨고 새로운 생명체가 태어나듯 불쑥 솟은 해가 백마강을 황금색으로 채색한다. 마치 성왕이 백제로 도읍을 옮기던 그날의 영광을 재현하기라도 하듯 구드래나루에서 출항한 황포돛배의 돛도 황금색으로 물든다. 백제가 역사에서 사라지던 그날처럼 부소산을 뒤덮은 구름이 화염처럼 붉게 물들고 물안개가 연기처럼 피어올라 삼천궁녀의 전설이 서린 낙화암과 백제의 흥망성쇠를 지켜본 고란사를 감싼다. 셋, 수만 마리 가창오리의 황홀한 군무. 작은 점이 모이고 흩어지고 다시 모이면서 만들어내는 군무는 세상에서 가장 경이로운 공연. 먹구름처럼 하늘을 빈틈없이 까맣게 수놓았던 가창오리 군단이 금강 둑을 넘어 서천과 군산의 논으로 사라진 순간 금강둑의 갈꽃과 억새꽃이 비로소 가창오리의 군무가 연출하는 감동에 몸을 부르르 떤다. [출처] 바이크조선"
테마코스,역사의 숨결길,목계나루,충주댐,2,15,"한반도의 중심이 남한강이고, 그 역사의 중심 또한 남한강이었다는 사실을 가장 잘 웅변해주는 길이다. 길 위에서 우륵의 가얏고 소리를, 신립의 피맺힌 절규를 느껴보자."
테마코스,그린웨이 자전거길,물왕저수지,갯골생태공원,1,0,"초보자가 달리기에 전혀 부담없는 안전하고 평탄한 코스다. 오래전부터 수도권의 대표적인 라이딩 코스로 각광을 받고 있다. 물왕저수지를 지나서 곧바로 갯골생태공원이 시작되며, 연꽃테마파크를 지나면서 구불구불한 수변도로가 라이딩의 즐거움을 안겨준다."
테마코스,남한강 자전거길,팔당역,이포보,4,30,"서울 시내에서 양평까지 주말은 물론 주중에도 자전거 휴대 승차를 허용하는 경의중앙선 전철을 이용할 수 있어서 자전거 애호가들과 걷기를 즐기는 사람들이 가족 단위로 많이 찾는 코스다. 각자 수준에 맞게 걷거나, 자전거를 타고 가다가 언제든 전철을 이용해서 귀가할 수 있는 것이 이 코스의 최대 장점이다. 팔당호의 물이 이포보 아래까지 이어지고, 이포보가 가둔 물이 호수를 이루어서 풍광 또한 시원하고 막힘이 없다. 주변에는 해장국, 순댓국, 막국수 등 서민적이고 부담없는 가격대의 음식을 내는 식당이 많다. 민박이나 펜션, 호텔 등 숙박시설도 다양하고, 양평 부근에는 온천도 있다. 수종사, 양근성지, 마재성지, 파사성, 산수유마을 등 종교, 역사, 자연이 어우러져 볼거리가 풍부하다."
테마코스,화왕산 달빛기행길,창녕시외버스터미널,남지지구,5,9,화왕산은 낙동강과 밀양강이둘러싸고 있는 창녕의 진산이다. 낙동강 하구 지역에 우뚝 솟아 있는 화왕산은그리 높지는 않지만 임진왜란 때 곽재우 장군의 분전지이기도했다. 600m지대에 있는 화왕산성 동문에서 남문터로가다보면창녕 조씨의 시조가 태어났다는 삼지(三池)가 있다. 창녕지역은 우리나라 양파의 시배지이며1억 5천만년의 신비를 간직하고 있는 우포늪이 있다.
테마코스,철새의 낙원길,을숙도,다대포해수욕장,1,40,여행의 출발지 을숙도에는 생태공원과 국토종주 낙동강 자전거길 시점이자 종점인 인증센터가 있다. 낙동강하굿둑을 건너 노을정과 다대포 쪽으로 달리게 된다.
테마코스,가사문학권 탐방로,송강정,독수정,1,20,"젊은 시절 환벽당을 빌려 공부한 이가 늙어 사미인곡을 지었다. 지척에 김덕령의 혼을 달랜 취가정이 있고, 두 임금을 섬기지 않았던 전신민의 독수정이있다. 왜! 광주는 의향이고 야행인가! 그 정수를 만나는 곳이다."
테마코스,메타세쿼이아길,죽녹원,담양호,8,30,활엽수숲의 청명한 기운이 스며드는 관방제림과 대한민국 대표 가로수길이다. 메타세쿼이아가 유혹하는 매혹의 숲길이다.
종주코스,한강 종주자전거길,아라한강갑문,충주댐,12,40,"한강종주자전거길(서울구간)은 강을 거슬러 오르지만 오르막이 없고 노폭이 넓어, 두바퀴와 더불어 떠나는 여행은 공원을 산책하듯 편하고 아늑하다. 한강의 기적'을 실감하는 상전벽해의 길. 조선시대 이래 600여 년 동안 수도 서울의 역사와 함께 흐르는 한강은 한민족의 젖줄이자 대한민국의 랜드마크! 그래서 '한강의 기적'을 창조한 그 젖줄을 따라 달리는 자전거 여행은 더욱 역동적이고 감동적이다. 매력포인트 하나, 두 바퀴로 즐기는 스카이라인. 페달을 밟을 때마다 스쳐가는 마포대교를 비롯해 24개의 교량과 고층빌딩들이 만들어내는 스카이라인, 그리고 한강을 수놓은 형형색색의 유람선과 요트의 풍경이 끊임없이 시선을 유혹한다. 둘, 도시의 풍경을 가슴에 담고. 상쾌한 강바람을 벗 삼아 가족이나 연인과 함께 맞는 한강의 해질녘 풍경과 한밤의 야경은 런던의 템즈강이나 파리의 세느강이 무색할 정도로 황홀하다. [출처] 바이크조선"
테마코스,직지와 미호종개길,작천보,고인쇄박물관,1,3,"세계기록유산 ‘직지심체요절’의 탄생지. 세계에서 유일하게 존재하는 미호종개의 서식지. 직지로 시작된 우리나라의 인쇄발달 역사와 청주지역 백제문화, 무심천과 미호천의 생태를 탐방하는 생태역사 테마루트."
테마코스,갈대의 노래길,화명역,천태사,3,44,오늘의 임경대는 여전히 낙동강을 아래로 굽어보는 탁트인 전망이 일품이며 양산이 자랑하는 최고의 경승지이다. 임경대 아래에는 취수장들이 있어 강물을 졸릴듯 하지만 낙동강의 물길은 여전히 힘차게 바다를 향해 흐르고 있다.
종주코스,낙동강 종주자전거길,안동댐,낙동강하굿둑,26,,"은빛 비늘처럼 반짝이는 낙동강을 이웃한 낙동강자전거길은 사계절 풍경이 주마등처럼 흐르는 한 편의 대하소설이자 서사시다. 새재와 만나 국토종주를 펼친다! 국토종주 낙동강자전거길. 하늘조차 아름다운 경치에 놀랐다는 뜻의 경천대는 낙동강 물길 중 아름다운 풍경을 그린다는 곳. 소백산 줄기를 따라 형성된 크고 작은 산봉우리는 경천대에 이르러 동양화와 다름없는 풍경을 완성한다. 상주 상풍교에서 새재자전거길과 만나는 낙동강자전거길은 하회마을과 회룡포를 지나 경천대에 오른 후 낙동강 하구둑에서 국토종주 대장정의 막을 내린다. 매력포인트 하나, 하늘조차 아름다운 경치에 놀란 경천대. 경천대는 낙동강 물길 중 가장 아름다운 풍경을 그린다는 곳. 소백산 줄기를 따라 형성된 크고 작은 산봉우리는 경천대에 이르러 동양화와 다름없는 풍경을 완성한다. 깎아지른 바위절벽과 넓은 백사장, 그리고 아늑하게 흐르는 강물 사이로 펼쳐지는 반원형의 회상 들녘은 황금색으로 물드는 가을풍경을 으뜸으로 꼽는다. 낙동강의 모래가 퇴적되어 만들어진 경천섬에는 2km에 이르는 자전거길과 공원이 예쁘게 꾸며져 있어 잠시 들러 낭만을 즐기기에도 좋다. 둘,. 막힌 곳은 뚫고 단절된 곳은 이어 만든 절경. 자전거가 낙동강을 따라 일직선으로 달릴 수 있도록 막힌 곳은 뚫고 단절된 곳은 이어주는 과정에서 상상도 못했던 절경들이 탄생했다. 구미보 하류의 금오공대 앞 절벽 아래를 달리는 3.6km 길이의 자전거길이 대표적인 구간이다. 절벽에 가로막혀 사람이 접근할 수 없는 곳에 파일을 박고 1km 길이의 데크를 설치하자 깎아지른 절벽과 굽이치는 낙동강이 한 폭의 동양화로 거듭나 질주하는 쾌감을 더한다. 셋, 강화도의 팔만대장경을 해인사로 나르다. 낙동강자전거길은 고령 개진면에서 개경포(개포나루터)로 벗한다. 개경포는 강화도의 팔만대장경을 한강과 낙동강 뱃길을 이용해 옮겨온 곳. 승려들은 개경포에서 머리에 대장경을 이고 합천 해인사로 날랐다고 한다. 1960년대 초까지 부산을 출발한 황포 돛배가 소금과 젓갈을 싣고 와 곡식과 바꿔 실었다는 개경포는 큰 배가 다닐 정도로 수심이 깊었다. 하지만 지금 개경포는 나루터의 흔적조차 없을 정도로 쓸쓸하다. 무심한 강물이, 대가야의 멸망을 지켜본 우륵이 애달프게 가야금을 뜯었다는 정정골을 감돌아 남해를 향할 뿐이다. 넷, 매화가 만발한 낙동강을 배경으로 펼쳐지는 열차의 S라인. 경부선 원동역이 위치한 원리마을은 매화가 만발한 낙동강을 배경으로 기차가 S자 곡선을 그리며 교행하는 사진으로 유명한 곳이다. 부산과 서울을 출발한 기차가 원리 매화단지를 배경으로 만나는 것은 하루 한 두 차례. 매화과 꽃망울을 터뜨리는 봄에는 전국의 사진작가들이 그 순간을 포착하기 위해 낙동강이 한눈에 들어오는 언덕빼기에서 장사진을 이룬다. [출처] 바이크조선"
테마코스,삼강주막과 노목길,낙단보,회룡포,3,41,"태백산에서 발원한 내성천과 충북 죽월산에서 시작하는 금천이 삼강리에서 낙동강과 만난다. 태백산 능선의 산자락이 둘러싸고, 낙동강 지류인 내성천이 휘감아도는 육지 속의 섬마을로 내성천줄기가 마을 주위를 350도 휘감아 돌아나가서 마을 주위에 고운 모래밭이 펼쳐지며 산과 강이 태극 모양의 조화를 이루고 있다. 마을 건너편 비룡산의전망대인 회룡대에오르면 주변 경관이 한눈에 들어온다."
테마코스,남한강자전거길2,양평 앙덕리,남한강대교,2,40,이포보 바로 밑에 자리한 대규모 이포보캠핑장이 유명하다. 고즈넉한 남한강변을 따라 한가하고 고요한 분위기를 느낄 수 있는 곳으로 캠핑을 겸한 환상의 라이딩 코스로 인기가 있다. 시간이 있다면 건너편 신륵사를 거닐어보는 것도 좋다.
테마코스,춘천 하늘자전거길,신매대교,춘천애니메이션센터,2,0,의암호 오른쪽 자전거길은 주변 경관이 비할 바 없이 뛰어난 곳으로 그 명성이 자자해 방문객이 날로 증가하고 있다. 현재는 송암스포츠타운 위쪽 차도로 우회하고 있으나 송암스포츠타운 부근 자전거 전용 도로가 완공되면 의암댐에서 공지천 가는 환상의 길로 더욱 각광을 받을 것이다.
테마코스,화천 100리 산소길,화천공영버스터미널,화천공영버스터미널,3,0,산소길은 도보길로 유명하지만 자전거 여행을 하기에도 훌륭한 길이다. 물안개가 피어 오르는 폰툰다리 위를 달리다 보면 마치 물 위를 달리고 있는 신비로움을 느낄 수 있다.
테마코스,동강 자전거길,예미역,임계,6,0,강원도가 자랑하는 동강12경의 빼어난 경치를 품으며 달리는 라이딩 코스다. 경사가 심하지 않아 여유롭게 라이딩을 할 수 있다. 특히 동강의 절경을 감상하노라면 힘든 줄도 모르고 페달을 밟는 기분이 경쾌하다. 정선장터에서 이것저것 군것질하는 재미도 쏠쏠하다.
테마코스,DMZ 평화 자전거길,화천 딴산폭포,양구시외버스터미널,6,0,화천 딴산폭포를 지나 해산령으로 올라가는 길은 경사가 심한 구간으로 악명 높은 곳이다. 그래서 로드사이클 타는 매니아들의 훈련 코스로도 유명하다. 하지만 차량 통행이 거의 없는 탓에 조용한 업힐을 즐기는 이들에겐 천혜의 코스라고 할 수 있다. 특히 DMZ 코스가 있어서 생태환경이 잘 보존되어 있는 것이 특징이다.
테마코스,향수 100리 자전거길,정지용 생가,옥천선사공원,4,0,"일부러 만들지 않은 기존 도로를 이용해서 아름다운 강과 호수, 그리고 산과 농촌마을을 돌아보며 향수를 느끼기 좋은 코스다. 봄과 가을에 특히 좋다. 서정시인 정지용의 시를 읽고 나서 둘러보는 옥천의 자연 풍광은 어느새 내 고향처럼 다가온다. 금강에서 채취한 다슬기로 끓인 올갱이국이 별미다."
테마코스,탄금호 자전거길,중앙탑공원,탄금대공원,3,0,"조정경기장에서 충주댐까지 탄금호 둘레를 한 바퀴 도는 약 40km의 순환 코스다. 평탄하고 잘 정비된 도로를 달리는 내내 호수를 바라보는 즐거움이 있다. 정말 눈이 시원해지는 코스다. 주요 볼거리인 중앙탑, 충주고구려비, 충주댐, 세계무술공원, 탄금대 등이 모두 코스 내에 있다. 충주 시내에는 다양한 먹거리와 찜질방을 비롯한 숙소가 많다. 난이도 하에 속하는 구간으로 누구나 쉽게 여행할 수 있다."
테마코스,변산해변 자전거길,고사포해수욕장,격포항,1,20,"산과 바다 그리고 들판이 아름다운 변산반도국립공원 서쪽 해안도로로 변산8경인 서해 낙조를 볼 수 있는 코스다. 7,000만 년 전 중생대 백악기에 생성된 적벽강, 채석강 등 아름다운 해안 절경을 만날 수 있다. 격포항에서 싱싱한 횟감 등 풍부한 먹거리를 즐기고, 격포항 해넘이공원을 거쳐 봉수대에 올라 탁 트인 격포 앞바다를 내려다본다."
테마코스,금강포구 자전거길,강경역,웅포관광지(캠핑장),1,40,"국토종주길 중 금강 종주 자전거길이다. ‘비단강’이란 뜻을 가진 금강은 말 그대로 비단결처럼 아름다운 강이다. 예전에는 서해와 전라도, 충청도 내륙을 하나로 잇는 중요한 뱃길이었다. 충남 논산과 전북 익산, 군산에 포구의 흔적이 남아 있다. 오늘날 3대 포구(강경포구, 성당포구, 웅포) 교역길로서 천년 고도의 숨결을 느낄 수 있는 곳이기도 하다. 금강변 포구길은 강경포구 코스와 성당포구 코스로 이어진다."
테마코스,선유도 자전거길,선유도 선착장,무녀도,2,0,"자연이 창조해낸 수려한 해상관광공원으로 불리는 고군산군도의 선유도, 대장도, 무녀도를 자전거로 둘러보는 코스다. 세 섬은 다리로 연결되어 선유도에서부터 자전거로 라이딩할 수 있다. 특히 선유도 명사십리해변과 망주봉이 어우러진 풍경이 이국적이다. 자전거 전용 도로는 없지만 외지인이 자동차를 가지고 들어갈 수 없기 때문에 자전거를 타기에는 무척 좋은 환경이다."
테마코스,담양 힐링 자전거길,담양댐,담양대나무숲 인증센터,2,0,"담양은 산, 숲 그리고 물이 그려내는 풍경이 아름다운 고장이다. 추월산을 담은 담양호를 출발하여 담양항공을 거쳐 환상의 메타세쿼이아길을 지나는 코스다. 죽녹원에서 죽림욕장을 체험한 뒤 국수거리와 전통시장에서 담양의 맛을 즐긴다."
테마코스,마실길,영산호,자연사 박물관,1,0,갓바위 해양 마실길은 바다 속 왕궁을 그대로 옮겨온 듯한 경치이다. 수학여행의 필수 견학 코스이자 연인들의 드라이브 코스이다.
테마코스,구림길,상대포,왕인박사 유적지,0,15,"비둘기가 날개로 감싸 생명을 품었다는 영암 구림마을엔 사람과 역사가 함께 숨쉰다. 2200년, 대한민국에서 가장 오래된 마을이다."
테마코스,회산백련지길,느러지,회산백련지,0,30,느러지의 S자 물돌이에서 회산백련지로 이어지는 영산강 하류의 대표 자전거길이다. 영산강의 품에 안긴 멍수등대와 섬들은 아주 특별한 볼거리이다.
테마코스,황포돛배길,다야뜰,다야뜰,0,40,"돛배가 출발하는 다야뜰에서 영산나루를 돌아오는 코스 길이는 약 6㎞에 걸리는 시간은 대략 40분이다. 길이 12.5m, 폭 2.5m인 선제에 7m높이의 돛대가 서있는 황포돛배는 현재 2대가 교대로 운행되고 있으며 한 번에 기관사를 포함해 12명 가량 승선한다."
테마코스,의향길,서창나루,승촌보,0,40,"눌재박상, 제봉고경명, 뱃사공 박호련등의 노블레스 오블리제 정신을 만나는 곳이다. 눌재로를 따라 포충사까지 이어진다."
테마코스,나주걷기길,남고문,나주향교,0,12,나주 목사가 머물던 살림집에서 하룻밤을 청해보는 것은 어떨까요? 역사의 타임캡슐 천년목사골 나주입니다.
테마코스,웅진길,연미산 자연미술공원,석장리 박물관,1,5,"천연의 요새이자 교통의 요지 웅진, 역사 속 웅진의 운명을 살피다. 백제 웅진시대의 역사공간을 중심으로 공주의 역사 및 문화경관을 체험하는 역사 테마루트."
테마코스,강변풀숲길,자라섬 캠핑장,의암댐,2,10,"태고의 원시림 속을 달리면 어떤 느낌일까. 그 해답을 찾고 싶다면 강변풀숲길로 오라. 강 건너 강촌길이 잘 다듬어진 휴식 공간이라면 강변풀숲길은자연 그대로, 이름 그대로 그냥 풀숲길이다."
테마코스,의암호수변길,의암댐,신매대교,0,52,북한강은 소양강과 합쳐지면서 드넓은 호수로 변신한다. 의암호는 춘천이 물의 도시임을 상징하는 호수. 호수에 물안개가 피어오르면 신비롭고 아름다운 풍경들이 펼쳐지고 그 가장자리에 그림 같은 자전거 길이 이어진다.
종주코스,동해안(강원) 자전거길,고성 통일전망대,임원(강원 삼척시 원덕읍 임원리),16,10,"동해안의 해안절경과 함께 달리는 자전거길. 고성 통일전망대~삼척 고포마을을 잇는 해안선을 따라 조성된 자전거길로 교통량이 적은 해안도로, 마을길, 군 순찰로, 산책로 등을 최대한 활용하여 조성되었다."
테마코스,영산강 느러지 자전거길,몽탄대교,나주영상테마파크,0,0,영산강 하류를 따라가는 이 구간은 광활한 평야지대를 달리다 보면 무안에 이르러 '느러지'의 절경과 마주하게 된다. 특히 금빛으로 물드는 가을날의 느러지는 영산강에서 가장 아름다운 구간으로 손꼽힌다. 한류를 대표하는 드라마 '주몽'의 웅장한 세트장인 나주영상테마파크도 만날 수 있다.
테마코스,상주 낙동강 자전거길,상주박물관,낙단보,1,30,"상주박물관을 출발해 경천대관광지를 둘러보고 상주자전거박물관에서 자전거의 역사를 공부한 뒤 상주보를 지나 대바위길(산길 오르막), 낙단보까지 이어지는 낙동강 자전거길이다. 경천대관광지를 벗어나면 낙동강 물줄기를 왼쪽에 끼고 달리게 된다. 상주자전거박물관을 지나 경천섬 둘레길도 여유롭게 산책할 수 있으며, 도남서원에 들러 상주보에 닿는다. 상주보에서 낙단보로 갈 때 만나는 대바위길은 고갯길과 좁은 오솔길을 지나야 하는 만큼 빠르게 달리기보다는 느리게 가는 것을 추천한다."
테마코스,경주 역사 탐방,대릉원,황성공원,2,0,"경주역사유적지구의 대릉원, 천마총, 첨성대, 안압지 등 신라의 역사 유적을 두루 만나는 구간이다. 보문호수를 한 바퀴 돌고 다시 북천 자전거길을 달려 황성공원 호림정(활터)을 둘러보고 대릉원으로 돌아오는 코스다."
테마코스,울릉도 자전거길,선창선착장,저동항,6,0,"뱀·공해·도둑이 없고, 돌·물·바람·향나무 그리고 예쁜 여자가 많다고 해 ‘3무(無) 5다(多)’의 섬으로 불리는 울릉도. 자전거를 타고 울릉도 일주를 떠나보자."
테마코스,남지 자전거길,남지교,박진전쟁기념관,3,0,"창녕군 남지읍에 위치한 남지대교와 창녕낙동강교를 나란히 조망할 수 있는 길이다. 매년 4월 유채꽃축제가 열리는 남지수변공원과 억새 군락도 감상한다. 남지 둘레길인 ‘개비리길’은 낙동강 자전거길 가운데 난이도가 상당히 높은 고갯길로, 많은 사람들이 자전거를 끌고 가야 할 정도로 가파른 임도길이다. 영아지마을을 지나 박진전쟁기념관까지 낙동강을 따라 아름다운 풍경을 감상하고 농로를 달리며 농촌 풍경을 즐길 수 있다. 특히 영아지마을 고개에서 내려다보는 풍광이 빼어나다. 박진전쟁기념관에 들러 우리의 역사를 되새기는 것도 좋다."
테마코스,우포늪 생태 자전거길,숲탐방로1길,자전거1코스,1,30,"경남 창녕군 대합면, 이방면, 유어면, 대지면 일원에 걸쳐 있는 우포늪은 1억 4천만 년의 신비를 간직한 자연 늪이다. 1997년 생태계 특별보호구역으로 지정되었으며, 람사르국제협약에 보호 습지로 등록되었다. 우포늪 생명길을 자전거로 돌아보는 코스다."
테마코스,통영 자전거길,삼칭이해안길,동피랑 마을,1,30,삼칭이해안길을 따라 아름다운 통영 바다를 감상하고 통영해저터널을 지나 아기자기한 벽화와 드라마 촬영지로 유명한 동피랑 마을까지 둘러보는 코스다.
테마코스,원동 매화 자전거길,물금 황산문화체육공원,삼랑진역,1,40,물금과 삼랑진 사이 원동은 봄에 매화축제가 열려 하얗게 핀 매화와 달리는 기차의 모습을 함께 담을 수 있는 길이다. 코스 중 황산강 베랑길은 물금취수장을 출발해 원동취수장을 거치는 구간이다. 베랑길은 낙동강변의 절벽을 깎아 만든 ‘벼랑길’로 김정한의 소설 &lt;수라도&gt;에서 ‘황산 베리끝’으로 불린 길이다.
종주코스,한강 종주 자전거길,서해갑문,충주댐,0,0,
종주코스,제주환상자전거길,용두암,용두암,15,30,"천혜의 아름다운 섬 제주, 자전거로 달린다. 제주도는 유네스코가 인증하는 자연과학분야 3관왕(생물권보호구역, 세계자연유산, 세계지질공원)을 달성한 지역으로 교통량이 적은 해안도로와 일주도로등을 최대한 활용하여 자전거길이 조성되었다. 자전거길은 김녕성세기해변, 함덕서우봉해변, 표선해변 등 아름다운 해변과 쇠소깍, 성산일출봉, 송악산 등 제주도가 자랑하는 관광명소 등을 경유한다. 특히 남원~김녕해변으로 연결되는 약 60km의 해안도로 구간은 바다와 인접하여 자전거 주행이 가능해 색다른 묘미를 느낄 수 있으며, 엉일해안, 한담해안도로, 신창풍차해안도로, 월령선인장단지, 법환바당 등 숨겨진 제주도의 명소 등은 자전거 이용자에게 또다른 볼거리를 제공한다."
